X1,X2,X3,X4
0.2535865804719864,1.2529265673415981,4.314078992844835,0.7904101235728772
1.0880139126318669,0.30290818983214446,1.272985183013991,2.864819938846445
-0.3945443598442098,1.8926646278106891,0.20156039805654757,1.173588518640125
-0.011661972773663019,-0.6228916012368789,3.0769042337827646,-0.10927636585187894
-0.4766268829210684,-0.6474905888262151,-1.1365027461555783,2.3366117200203456
-1.4139287072072415,-1.5050406174300024,0.25504451037061665,-0.3974674127887948
0.7838695813915667,-4.679118750690938,0.4531808635622716,-0.7154759841140329
-0.246575426539223,2.2279524053683666,-3.628320587148121,-4.072289819883276
-2.16915090910543,-0.3193251773953152,2.138203003427537,0.5078089442703999
2.1298112102596476,-4.445348607930511,-0.5348409298411053,1.8806300468847312
-0.9236626859419559,4.849724686647224,-3.729601051674483,-5.9901837687920345
0.23974122457602517,-2.3331638439780966,7.278205741585146,0.22967404636486544
0.7833402308693538,1.0410540491394473,-2.176793884511714,-1.149374996899044
-0.3631988280816867,1.8189596575903004,-0.38202441320431646,-0.1999826850677076
-0.19130285574553652,-0.9946739129360047,0.6775723382458243,1.5749272267587102
0.01027931286988909,-1.6349428483201625,-1.3198458944854587,-0.3989945330862494
-0.3312017499514471,1.5200203471131908,0.3292685553354542,-3.6104415301484503
0.3456526831693554,0.04754080330133825,-0.3626256092263923,-0.2793500629506174
1.1952627170325008,-0.3530318702452022,0.7092989791449202,-1.8753612102904351
0.07311151229556266,4.046569779925789,0.1681297870131545,-0.5865049453019588
-1.7912007807230146,0.35320426333118826,3.779747080509837,4.779000120202066
1.1872206285558875,-2.830880614434038,1.7532478452831763,1.0918783410020196
0.5479690654523064,0.6426681939866565,-5.725041250057041,0.4077359171536421
-0.35698990352494464,0.9625087979447549,5.782472136201648,-2.739048665446486
0.5694461154095223,-0.7381852014809526,2.7744716005752244,0.5661543119551458
-0.7669680941213831,1.4362787217264754,-3.5320297608175455,0.37572094782522925
-1.5082877270717816,-1.0863114524565747,1.203704724118026,2.600069826778814
1.134926732996608,-2.5733727860638727,-2.4462959398807356,0.8500362074428975
-0.4482923881874011,1.603560780389487,-4.404779406145819,-3.632088612848259
0.347151111647976,-2.1747883701675774,3.314057100638914,1.4768867076913859
0.7305477608885251,2.1374729484822463,-1.566146548975739,-0.8792904410684398
-0.380009270865657,3.020734973436407,-0.0075535772569759185,2.110397909680894
-0.7296873926998426,0.16828854077944544,0.8380289398276453,3.5597609808551516
-0.3635942930321765,-3.692497504881579,-2.333242306631756,2.670891130536143
0.5804556447043238,-0.9176792557580287,-4.436462247892846,-5.180223775920197
-0.3429758925074866,1.6308925261139608,-2.0930432359174773,-2.3745890187767027
0.5613087906083762,-0.370445651887694,1.9016998210840887,0.5913567556042056
0.2822084928694741,2.3010038671897406,0.2415937232063743,0.18472354316803627
-0.575023788862826,0.8501747688785644,2.182693719456864,1.3572657323181847
1.634532762957841,-0.9780678938399162,-0.5456755839625014,0.4040935947869164
0.701008715917765,4.657241061394377,-2.760407127123708,-0.37181069797880995
-1.0612834778801656,1.0576432573517471,4.613024861049113,4.811628010245489
0.14721195016931526,-4.0294293234349015,0.10951490952604459,1.965063920970568
0.8794842311549715,0.24924231354063636,-3.663393627007805,-4.428742275650695
0.5765886885201362,1.4289998916098559,0.4666911608232696,0.41591382568772106
1.3944853746012171,2.279233841955294,3.093995075746729,1.9715054977742752
-1.1511666084056191,4.131460860417575,4.333496066867243,3.21711337805684
-0.13415329797040124,-3.1775846478904657,4.573453517715358,2.591864080864171
-0.9242545742933472,-1.5273069562780228,-2.9556155125454753,-0.7974166391020345
1.997024490125211,-3.6330496523546056,-0.01913307572364864,-1.57423223419566
0.43303402159648036,4.914773188490905,-2.7620805995679802,-5.719204747443506
0.921542693129946,0.8760010668537498,6.398760598813109,4.595646251466087
-0.5704922735980672,3.878454825203654,1.5910331745600217,2.1047231291004445
0.47071230065869274,-3.501351063589997,1.6463147836696064,5.456205057359403
-0.4437971144592748,0.8427123469869717,-1.1086203545944806,-3.4507147200832455
-0.2654708238554693,-0.9436704291094545,1.4314983703243924,1.4172712546543607
-0.0236571540240676,-0.1681109214004397,-1.0121084230161959,-0.5389061435184312
-0.77177226621966,-2.427004857048712,-0.7387502367570201,-1.929875895392527
-0.8519475789066134,-1.8169476813134082,-0.25165008967487307,-3.930969094612629
-0.10914823591502693,-1.287621443349595,-1.3371284285561265,-0.9059803793566836
-1.467562585080301,-0.5290888289686104,-2.9905649052772962,-1.6001554466190462
0.752876699733025,-3.853880279906201,-1.2854225567711137,-0.6511825316685461
0.11290276203970717,2.5367958299387054,-4.629032587898167,-4.2795059020159165
0.8922100113622333,0.5860855768172312,3.4565445465701905,1.5786948920678385
1.6228394203191072,0.9242821873655634,1.7726165745504716,3.721030419823626
-0.02473110770760053,5.143712543430836,3.4094633795549596,0.4780580465806924
1.7470560093624425,1.2744070658397824,5.681286861546766,7.257589567800564
-0.753653995869146,2.4520044851455145,0.14612358945947104,1.434536371215603
-1.557185025812344,0.09630522054614565,4.704467377019821,3.2890298782370886
0.47159558907140015,-1.381909601568898,-2.8850636557668667,0.10627768419093431
1.2572368241409406,2.0461703514537466,-3.737881347318421,-3.297617383526566
0.12814383604621105,3.2691802129651446,3.5825703884029414,-0.7410486408759034
0.7172980098612671,0.8458830470808609,4.397309455033419,3.471086361577721
1.9232427425182894,0.8394215983448375,0.4973536888134686,3.485107401838148
-0.11278832733220981,3.4155044893027906,1.5226891377869485,2.0860867158607665
0.3668155708974481,2.0357312627542896,4.753711449382984,5.588371403902438
0.3245735365218842,0.6684732292255969,1.0813043944179634,1.4758245861776005
0.9458377944570506,-1.7605697286203394,1.3309251045871666,-0.5596178125198428
-1.5035956769615537,0.8538877736574204,-0.7568412061347827,-0.9400866467477387
0.6524127137606964,-3.18868154035515,2.3397259861320143,-1.697216506402907
0.03699848209357252,1.1716931383575633,-3.5110744921661774,-1.3012946094871822
-0.8678121996780941,0.3122057642789063,1.2940203389119267,-1.0947397397809964
-0.07393179066769077,-2.448551873549863,0.7345943982176452,0.1407824001138629
0.7101448733579792,-0.40555091851013503,-3.555623345423548,-2.5955948432218716
0.10092044328482444,2.4220179086219566,-1.0241836416287031,0.2126734784366009
0.837813554503768,-1.6080902844596439,-0.19159797810121315,2.330729640325524
-1.7403429369817105,1.0706172943228796,1.1546670491772395,-0.7734912103162774
-0.08598493416914674,-3.749969445224165,3.0516297469316873,0.7261420266752706
-2.162634123312782,-0.639453295351978,-6.997482481346235,-3.3441325619246434
-1.547943724527747,-4.133980804706233,0.747592833586744,-2.3186801951409435
-1.8939895706959138,-3.072722016102939,-6.702966021493347,-3.6804614329603007
-0.2788687810504427,-4.30858785743172,-5.781265391558594,-5.385085644020673
-0.679205209734363,-0.5283606250283479,-6.468634866405227,-4.709632768662883
-0.6102530313682829,-1.8045668995312656,-0.538426121546606,-0.38777077866517695
0.856005016405648,1.9167820495280596,-2.1066918072657326,-2.0391220536174006
-0.749460001978711,1.1822811114477674,-0.7181167020802008,2.5751769908957947
0.4173488736887512,-0.5183889546302334,1.7053855299598824,-1.8851585725086042
-1.337672908297136,-0.011150562958819776,-0.16262213092012123,0.22765621173969508
-0.5306353230588665,-4.777002719440681,1.5388734069531023,-2.009229850624796
-0.37477958028332775,-0.2209696446585535,-4.197756618509836,-2.2672387759707604
-0.2845113148840536,-1.723569464678587,-1.2758988248303984,-2.7474068883345435
1.2932505950857183,0.7856042991187605,-0.04093966202850674,-1.6031956738347595
-0.7457009774538973,2.4246367468427663,-2.107746294167951,-0.11618490597666126
-1.1502721914287137,0.27445288870926254,4.5121584498805705,3.293960828444493
-0.11317145159650321,-1.1287128999463112,-0.12028192624003653,0.3710945493778288
-1.837833302465488,-0.9741674188771924,-5.1638530269428085,-1.8065647258436006
1.3494433759142705,-4.663997424514122,-1.0663105157092632,-1.3543167390089956
0.5175849908475143,2.4431184999089224,-4.616165447726598,-5.500934965049353
1.548819952915313,0.7525727284371815,4.125468814175814,1.3738076115337803
-0.634335687456722,3.9209082311546752,3.674825477770818,1.0151785628289447
-0.4969038478723076,-1.5137227893874252,5.4798291348432615,4.2004892127872155
0.3153603027545555,0.4492910632561854,-1.3493201308387555,1.6423517313355656
-1.7727532488309565,0.9710726662123037,-0.8642713894141566,-1.165755592691541
1.3918138913574112,-5.0381927704240805,0.7855098377727354,2.1884446121697074
-0.3665840761047309,2.9481686761382826,-5.797657376407429,-6.3440783344565705
2.281942566613203,-2.5381927881237556,4.928387768418285,0.46071120170689217
-1.334458298840616,4.263268043001162,-1.9765400520755683,0.07807883463129883
0.8967954258517937,-3.950423649271492,8.30758656043596,2.8320154181094903
-1.8920263439438219,1.145481133121957,-4.642408398004271,0.185438507789786
-2.1374951546514596,-4.490384781754371,3.0441458172823634,-0.5773517735092311
0.7758988766417262,-3.7142848759189793,-4.6750971252257205,-4.739566991572428
0.8923991382257979,2.4006775468419517,-6.0512740535714995,-6.143579400732004
-1.0518472944893837,1.5435382009905938,2.75655856955981,-0.8767045940720248
1.1653854486399553,-1.165527867866062,3.2328074790252797,2.3446287493475517
1.7678050121468314,1.3200772699467227,-2.9012766205938747,-0.35055617223359936
0.8660712677951267,2.4590222605750434,3.7394988237658766,-0.3091722994060556
1.1006418209354147,1.6460906556371868,5.633416990111443,5.604872795998007
1.323624921931107,1.4860563696293552,2.347931778655842,1.4772044007380989
-0.8431866725480466,2.6945470251313917,4.334956460515463,2.0107385521758565
-0.9086963204665958,-2.912234751873859,4.646272355824548,4.853922723047205
-0.2985004981897579,-0.5867748293422332,-2.0404244870583965,-0.5627161675696275
-0.16405276361890522,-0.23517949583759906,-2.9224974185781214,1.112381156449551
0.005871089173740105,-1.576921708579174,-0.4256521260428862,-1.621427019865695
0.30477637224116205,1.214312537289358,-0.5463499947984719,0.18710443293188495
1.099379676478457,1.717491529156901,1.0321623015648715,0.8449478053388696
0.4842395997929431,2.531066297709488,-1.1466984976866017,0.47955749510226986
-0.2802438732149908,2.349404392444804,2.5245408759958394,2.01611028232795
-0.4002516548794961,-0.10438744912210413,1.2172887074131862,3.997790656800109
-0.6893255815675426,-2.760624646785853,-0.26952940642759426,-0.7963376804522488
-0.015717658934278178,-1.6106660954754424,-0.6015435390554017,-3.628589833334292
0.4894009251199642,-0.414707687987576,-3.7527452394072065,-1.2713517676094197
-2.4832726596113743,0.0543904165190191,-0.48171948318639707,-1.551891191180211
1.3748562231715649,-5.190620556022297,1.7123082337390958,-1.9891893377561554
-0.37105761896286815,2.0845910385408826,-6.858080932191718,-3.659280829577029
-1.4243103597318694,-1.222560150461966,5.111974007662888,-1.7904231351193751
0.30592009000859033,-2.1746904173965924,-1.9990250118461965,0.5743908070252927
0.41525797246922,-0.7359017616817696,-4.208100541553463,-3.372806274738619
1.008314278930123,2.4851324164509614,0.15100178335806458,-2.6479023758613933
-0.5700833752531167,2.098801082540371,1.8658574097903209,0.9817980692792485
0.6187335951458425,-2.304947402122108,3.885896840532571,2.889510159657394
-0.22591782364909646,0.2287843466423245,-3.3999821955463654,-2.5979009659864554
-0.771566185424218,0.7973334618951836,1.7402832288474461,-1.8643858901308492
0.6653364966175205,-3.0428879420092763,0.7700864290177538,1.495720542626178
1.0836127463934284,1.9848269064503135,-2.0282475344552604,-2.6000701146042116
-2.117082233123848,2.947163691996214,1.1524621679433462,1.173667300579827
0.7328655465998835,-4.539291284848315,3.06410829664886,3.797149490929769
-1.7782175428945362,3.673443514334363,-4.966357386579887,-2.1445733342695403
-0.8093037887271298,-3.240189415482665,1.623571744101803,1.378515772202252
0.1259465778060969,-2.4119738694259767,-3.3612388773335877,-2.046594482522916
-0.351364709295221,0.33002811270465343,-2.2565314597747173,-4.34601223957374
1.989838622982138,-1.1650401237482715,1.2507063461798529,-0.4883970404897744
1.7843919796759964,3.9332328356455766,-1.3078295711728503,-0.7923313417902242
0.22701423116197092,4.547939289790013,5.177580327015723,2.777402391992282
-1.2321591842368862,0.38929444720026307,3.753886024352339,7.024112172760046
-1.308662886466469,-1.7720031235655154,0.898480995562868,3.610087683792137
-0.263851429289432,-2.308735277113225,-4.874670944403614,-1.5369388105961128
-1.385235758363803,0.7150066443197421,-4.47180530820691,-4.280357718110822
-0.07369053703090565,-1.1787899299492384,0.39665605226279665,-2.017750796022687
0.5343807080939967,1.2265653415908382,-3.813187387827542,0.3939180468872119
0.8322812115038947,2.6037384222437985,0.01024826431545628,1.3392583636255315
-1.3798998246600385,2.29824015793102,0.5214940562765453,1.5490069395516066
0.0057483724961645746,-2.3528654216753653,2.7012347909715495,3.0416625874580543
-0.14329520680816588,0.1122081348139517,-4.444671315937422,-0.37279994400603655
-0.9436138002760189,-1.1090658795090522,0.20611695131201507,-2.686962716102837
-0.5440633783572424,-2.5552761905921755,-0.40602740277481914,0.16954725637009993
0.5855798038576694,-1.2227276757368186,-2.9120268935740383,-4.08193177524066
-0.9238605539196789,0.7370005599264293,-2.5705133624770466,-1.7915796888302684
0.01961970916837428,0.1301578237211607,1.5780228544609376,-0.5717672571558539
0.7955095918984009,0.07205254089298865,-3.6465264176289156,0.8607106642646237
0.6694749204809586,0.1080373184775325,1.4840364361503904,-0.31888495997469113
-0.24295211766171765,2.369024127855445,3.2986594835104945,-0.17972097270837714
-0.19991229021317677,-1.2695057177508686,1.3924854047796376,4.520195016028576
0.6207344066027556,-1.4088491776739647,-0.7149641416737614,-2.3528348322564665
1.2614454413980798,-0.1929567986528844,0.6057724618844116,-2.577560419948406
-1.2681882296786262,1.928244452902977,3.545489819312902,0.09991844358947055
0.7164570656141533,-2.5473551941020176,3.6628105109836486,1.3212027042223113
0.9664844124274343,1.037780986548107,-4.508443638500211,-2.0015184924892817
1.0772383028768717,3.696105269377603,3.272694993228877,-0.29948618796222715
-0.39657479503907417,4.103141945582568,3.391503813848822,3.66076889486755
1.2457598366112406,-1.1874328307384985,1.833121310486015,3.7371433263261937
-1.3059211425675719,2.5789722073051644,-1.5817156481154482,1.3488334147701746
-0.1264284308451191,-4.380573480974359,4.896068711270537,1.037910648063134
1.5577123843180503,-0.47885011622134827,-3.966721900763283,-4.447475196687998
0.610898957303348,2.936241174551998,-0.8965961030498597,-1.7538484238462395
0.30112060317859735,1.0645558889324807,3.35935609258319,1.0576706202900632
0.501655911594598,0.8390198692512438,1.4802248814572614,1.9946178001217363
2.3821765016288143,1.9564617180813912,1.0262982049487825,1.9282794090001316
0.012859618003457675,3.7033286491959685,1.099222055169065,2.885766043660062
-1.7108622992322315,0.7002019112368004,8.583330790724949,2.470425315575671
-0.2587664843923743,-2.151107539072127,1.0974449080589188,3.7564084346949764
0.34944516767193834,-0.6116429442969021,-5.119786452253072,-3.3750890789997925
0.18411428753600273,0.10890197736769514,-0.8100349456651402,-3.3492729354109323
1.5683589211040276,0.7518434150016142,1.2861602905685112,0.5154475501110405
0.9627217499418842,3.5536717890186345,0.6795025539555871,1.41809183096654
-0.4381777374441749,1.9982231017034588,3.601069695131878,3.2229947549456313
1.2984232935056397,0.2382740310032534,0.8712249457583034,3.2065198929854084
-0.8731735285014347,2.1818800056176775,-2.1292301428908393,1.6656945637065257
0.3665029879756295,-3.0832545131527787,3.344729307637427,2.6786827213796243
0.8316088029502283,1.7562953225814766,-1.0434805893427972,-2.294290535011344
1.0549154664570652,2.523720520274928,0.7920609748766093,2.614913271116216
-0.1577343905434607,2.2123654212741255,3.5742625421743384,2.5329875095339527
-1.8695429324843533,-0.5340006611931736,4.1329506415591135,1.0062670081367209
-0.614907788767758,-2.8111329702209353,-2.119741835121444,0.9467131382747865
0.04095934174131736,-1.1221655232446377,-5.0485208526997045,-4.495516833887152
-0.15117839832747373,-0.7076752246608212,-1.73951375225605,-1.4160868596101286
-1.626777160628657,-0.5802767706644427,-0.3328559894231884,-1.9343550896232777
-0.10527928366167755,-4.667205883772558,-1.5892611776536243,0.013099081432139448
-0.8532327580872381,-2.1246889590116997,-5.014718862083635,-5.0417107634300065
0.35332078960555235,-1.7236219262141326,-1.1551065757806183,-3.948459325201375
-0.5552318720682135,1.0844875494546447,-1.0433563370769354,-2.1769773948996822
2.7001699832279025,-0.331841371217094,-0.33206753015535373,1.1889741193690861
-0.5867212799908146,4.713991181022396,-1.7353067462589968,-0.08551985617040486
-1.0282577632590144,-0.7595435740826928,8.374907961986219,3.3983606771667407
0.5573319564039967,-2.1695315133848987,-0.27064738909691877,3.615679630180957
1.038512848386898,0.0893101191094392,-4.095855493993084,-3.1788078281474514
0.2405024478023465,2.0837952211889856,-0.5277624145227062,0.03730436771856993
-1.798977674567852,-0.7008374055742825,2.2759226960732377,1.1368441474026763
1.443771952907202,-3.1617866373060903,0.5599569978683367,0.5848898996587752
0.09957312041868693,3.1384221945621236,-5.544649526429498,-2.1873103252464574
0.17139048545365876,0.35893175278013306,2.140657230184805,0.9354075857601841
0.991886166087158,-0.29516858335505114,0.20224264374811296,2.101179523891565
0.9209875232820699,1.7516001067585236,-0.1278732431773857,-0.34599619072539267
0.5848917455858864,3.4899523093439577,1.1586215454831186,0.8928321473660454
-1.8680605905307595,-0.33420177837945575,3.1880458876629416,5.173161732524093
0.9147313396699609,-5.550940926859162,2.652512690542881,0.3794692103827628
-1.3053392231564553,2.8849955137096126,-6.588891349804693,-2.8803812174728494
0.7601088314931868,-2.037667762365921,4.736910642435435,0.6525095605786062
0.30971852289923657,0.9935329271730867,-3.3997857569468537,-1.3954621715815516
1.943577710955819,0.6087043872827675,2.969438190194623,-0.25516389862460337
1.5585543990548054,3.6575028625358277,1.8974140864410505,2.7090419207446175
1.821148573522102,0.5493116719987783,6.577676163591107,4.515794642854608
-0.7907996621055804,4.771910465045304,4.463980856589139,1.7119013057245087
-0.2496964963118739,-2.6452716220569497,5.88456464788997,5.911589186252316
0.5510130413970137,-2.130217850927038,-1.456438963500505,-0.20797625683905885
0.8073100504461823,2.7482131888107,-0.5941391030072747,-1.4111005943600072
1.1716659097274655,1.6303631947211426,2.017455890507809,2.7159017583017633
-0.5209047974842859,4.238324040776408,3.1282437806625136,2.3906258144811163
-0.46006839686995177,-1.1379741970917612,4.455107424869831,5.332728923167525
-0.9742151477545505,-1.0915998915055471,-1.8756120285984748,-0.27714708342422945
0.3505387564613183,-1.6919851523437013,-1.9517430106402913,-1.8973896865880981
0.8117870864439983,1.2305293825420085,-3.6627511792852925,-2.5484452912490023
-0.783364149153304,1.4685110437158586,0.08939668969901149,-0.23289987508948856
0.402451914593205,-2.8469677091305687,1.5568820278900057,1.4971154524453592
-0.04900806591981747,0.847511181679475,-1.4605489426241336,-1.7210172497102592
1.1744725794970268,-1.8127438041204849,2.3398204964430915,-1.1909887879815644
0.1319421045914312,2.1449039847753757,0.13589796855954278,-3.809241717252974
0.06861554338962927,0.2530359296218553,2.876709221433891,1.240091954452006
-0.01004958305612337,0.45307947052738634,0.3670831717825891,1.183953248209059
0.5849450607884049,0.3822181593989651,-0.05946195528907844,-0.21014698388869524
-0.31758745520522397,0.522873085656392,2.5620716385651794,-0.6693342167188091
-1.5269050590269146,-0.18140455655998317,1.4672736849852033,-0.8797003865246588
0.4878604152816817,-1.4988907720415963,-0.9068819100841709,1.4617087076708766
-0.641137031141046,1.3781731255211418,-4.577726624326772,-1.92975931354298
-1.0054641521133658,-1.8308926407217723,-0.046538369655739764,-0.5964856214534922
-1.1487191897302804,-3.1886088985850343,-3.0516042226086784,-1.316400684661815
0.8840691889567134,-4.142376417803822,-2.93248838629575,-3.482632354026259
1.8794497403964048,1.9426789766122625,-2.4630260837756186,-5.385884364431244
0.8606453098224804,4.075178453205004,3.654095525160886,-0.548784049639971
-0.7556185813076557,2.3292275443616366,5.173722608497337,5.178957684815873
-0.555181842261548,-3.003565178349569,1.6789532595490586,2.7165195086382843
0.11625562833408999,-0.18093089390118666,-2.9930466774390205,-2.383635408552418
-0.2552423923210375,2.2780146580726215,-1.846700461942993,-0.9717473007096299
-1.1999952625032444,-1.0137485133030681,2.265464158485735,2.227078158737452
-0.7367959397882078,-3.020574370830849,-1.918721332643766,-0.18450342973055123
2.7537678284382867,-1.1286056541475185,-3.9266301044281353,-1.5637619936085012
0.0810925470631892,6.264577801142151,-1.2470703480851386,-2.387242553256467
0.990860803977037,0.9090596283929874,7.558425308367557,6.648487593534073
0.979082899138163,0.718473852119536,-1.0233401942939078,2.460025065013741
0.9266613610447424,2.641423508205378,3.4277729370565373,0.6229062516204373
0.8054135684723669,0.621842827285858,3.929188522565444,5.32918303521214
1.2915452020677693,1.6465108378218556,3.4547640727410482,1.198628162069572
1.2850609838508915,2.6396168628650645,3.5857212211404113,3.056893900135998
-0.02214746702197662,1.8548780589693932,3.968891220157141,4.695510636598378
-0.572473736608529,0.7128415020864386,4.231408437099693,2.3337676980768047
0.29518104093513664,-1.4539753993411342,-0.8765503442394256,0.5869999865948974
-0.6982930970985745,-0.861180167861469,-1.561564030550628,-0.3456820837323049
0.389326489451674,-0.5457260616790529,2.000435869416,-0.1231088094079007
-0.7853421408724911,2.318029729484833,-2.0604601747943465,0.5660543673656037
-0.20876305509191706,-1.562070471210397,1.4489348935486426,1.7840214696909815
1.491258925675277,0.03344898231336524,-2.617225235168882,0.31169758284399207
-0.2023994779282346,3.8554305474863266,-1.3654601688477181,0.26354495179971227
-0.3716078011286162,-0.7166356125679713,5.0584721875474905,3.762775700607273
-1.5463237153377956,-1.2650697466679661,-1.659080773064345,2.102298459210098
0.6335582374952641,-4.002742399885115,-0.7877026457005964,-1.6758343002463545
2.2282291175675177,1.6125634854872155,-2.20435470490912,-3.9563035660238053
0.275496209064662,3.3550059327578134,1.0245993635405224,0.0805684184791397
-0.47094516219462795,-1.6979623121552936,5.638861703521078,2.254626290211399
0.8539323616340652,0.6999331880298126,1.8456781200277437,0.14682923619464178
-2.249316695809612,2.086598949804986,-1.980378307594861,-0.7448725486884281
1.7916875497728157,-4.6941619298081045,2.402982788044978,0.025461527909904413
0.2615598853889724,6.340067629712459,-4.6227080681439165,-3.251360653804145
-1.1929101117723186,0.301930601447459,5.3158176622398665,3.229612012563165
1.217504481516526,-0.2651634680863002,1.417653453648898,2.7248260214730307
-1.3553882594459694,2.6265218017426832,-4.2991771119844895,-0.9665997432769422
-0.2693631646656213,-2.5457643691818275,2.6132415297757645,0.154329270467777
0.9628748070741321,-0.6781515430109544,-5.0870615679089,-1.057210817064609
0.5405884937563908,1.8962539417527207,-1.7790967773205129,-1.151265428871954
-0.47473104174357394,-0.7274797923831613,3.7235908290580264,0.8374749132279917
-0.9793165736401043,-0.5277296748483994,0.8245459282500606,-0.015205886942930458
1.1322133785892865,-1.1470759493252722,-2.7172147940693634,-0.7383085074480541
1.2531584698195097,4.6424760925616555,-3.2647238779835934,-1.6816438217056169
-0.26869930837247147,2.5021208071026306,3.190863917174771,5.273916651749559
0.7792767335363442,-1.1273702305038156,4.844570881328606,3.7246473189866802
-0.23269765263505504,1.6494076126118473,-0.35012028409674956,0.9446419941379759
-0.8963045333845864,1.289417893919461,1.3747524760837149,0.9496851343320406
-0.363231386425648,-1.553309925329892,-2.359136418590724,1.4575676841087426
1.8747792687194647,-1.5481132982945738,-2.6488166419230454,-1.6713924029273886
-0.07598731742169557,4.263659347232699,-1.9542255538864675,-1.9187614713648382
-0.6998837166298495,-0.9897393193306215,5.568137496900521,3.7275482676815166
-0.6252655424800414,-1.4034186528966004,-0.3306045379337411,1.71914784229855
-0.48932716874361737,-0.6168909821663877,-1.793564656950513,-3.158710631531196
-0.2461684105032473,-1.124929398496542,-1.0835821056289214,-1.6074328535358844
-0.6169506376455647,-0.5615698590574657,-0.07414621186303094,-1.311606460288946
-1.9255304806864466,-1.946273561285961,-1.5917984417626356,-2.443893314898049
0.3454953078864861,-5.216587075263836,-2.952660545856727,-3.998506473655464
0.5035822185085849,0.8018990597763684,-5.595089631237224,-7.138588175864314
-0.25080225595586847,0.9750136981344587,0.915607370035709,-2.054974268672063
1.4273948740965205,1.0134881811162038,1.7258744403079467,1.0621625362072444
0.20697539641745652,2.920598445189124,1.0497512415547423,1.9782903970560994
-0.5952775891227575,-1.3434668325059886,3.340881851897737,2.6671582216068823
-2.0494542745303135,-0.48736027507562174,-1.4797323088570202,0.3329397014668374
1.1995668777859927,-3.661120487672266,-3.1395577969920105,2.5118287147562786
-0.12026244077869076,3.218288336059724,-7.399454322244807,-3.827551102869978
-0.07801171891899812,0.4183830079490578,4.46862111577993,0.6062590572700207
-0.16745614145422194,0.10669197285252893,-0.843758695336186,1.3367555045916297
1.0895632721026667,0.3270335754460797,-1.2594562564038205,-0.5330366059579699
0.1884122743515184,2.639185480234167,-1.9749462436869234,-0.10666135142303856
1.0915764513088513,0.9609804727729283,2.886153839559641,1.3032002543639551
1.9113339920450576,2.3670252178179054,0.43069511520179943,1.4895941492175853
-1.3816793904319606,4.03575288098331,1.742689895368705,1.69986465137185
0.504525114351916,-1.0715212823598221,5.961224415780384,4.306159026734093
-0.07085046774465197,-0.6793705244373656,-3.239120358626154,1.4210869141727547
-0.5699284061833665,-1.757887526042784,1.3351617248457732,-2.156626221101446
-1.0830574137940236,-1.7782882770243837,2.4787924044931375,-1.3781659141224751
-0.6562074287731269,-0.16611565565189101,-0.4428926716049353,-0.22288262310666784
0.4775579753659036,-1.371816978271529,-2.543332191822179,-0.11352555268904652
-1.2662805681853313,0.7886295674703561,-0.2628005500954709,-4.457306630225755
1.4744628882385065,-2.2696316530897738,-0.012184875784720495,1.1760266590995747
-0.8259022936650836,2.202950710242202,-5.202584012664719,-1.9803097149684512
-1.6242609424773355,-2.326619010795544,5.5169313363312895,0.38568836878013324
0.04093349790884986,-3.648805030454535,-2.2938420862016127,0.37675162689636355
0.44999204261532255,-0.3290053525512481,-5.451187470702942,-5.860473498490595
-0.018273872685960126,1.564931509292303,-0.5039207174881833,-2.441878960299058
1.0207775214680828,-1.3960580766581139,2.7144400239587854,0.554660430382222
0.4271155249563545,-0.0014462571679327851,-1.00341424154224,-0.9987674347529768
-0.1847915777699895,1.5382840304554173,1.6224887988115588,-1.0734691777003607
1.1138140330384452,-1.4234982990516931,0.9442231296493717,2.2961577422352613
0.1696288549775489,1.0115021002039561,-1.5373408070771717,0.13528089454012693
-1.2188923650687737,1.0367237648834817,3.265669449339714,1.2663029989911847
1.824337677119294,-1.225512991592077,1.3508894235791788,1.916638650741088
-0.9577338881198569,3.9089913451336398,-3.706237577613355,-1.0641711380149252
-1.6150309223893284,-1.5823132892290055,6.303082812103386,1.4697836061435676
-0.39762835270561736,-3.08920674451339,-3.430739854332572,-0.8759975241352715
-0.27523204044196764,-1.7362569340597669,-3.8440739506978723,-4.2994482005787145
-0.5366088228053425,-0.09585450530705975,-1.5845703268336098,-3.7753570364656013
0.8578950212041505,0.17338919131817754,-2.0899981154888074,-1.0131086072476196
-0.3921777538667797,1.0504585943443177,-0.8019388343129171,0.4903434477633635
0.676646835314891,0.5244978839975577,2.6620622593552854,0.18578536034591875
-0.590547291347336,2.209258331603062,-1.6738420548959436,0.4905122463645951
0.7128530742957262,-2.2747856407539757,-0.3897022083412147,0.8680499164565693
-1.3553635871658234,1.3560279533389061,-0.8744877648016547,-1.907937038448445
-1.8089350124334556,-2.435161178782032,1.6862918848999393,-0.3857986155974491
-0.5054930561055728,-3.7801086496027403,-3.809514178121133,-2.5592823588696505
0.9518380975875171,-2.386212067811021,-3.852672085791757,-6.7170109274334076
-2.6345935579141964,2.0164194277675223,-0.9729886507173799,-3.7814384634855163
-0.034985686821958406,-5.3473389950533585,4.055698255975146,1.635191344104416
0.04285584236537368,2.014949885537883,-8.098917550351011,-6.162075443842609
-0.9949074266198372,0.5333999798801334,-0.4064204938970206,-1.1037098948885131
-0.9547168430788322,-3.4191630353930043,1.173935662239229,1.5283788695181846
-0.9240680138178368,-1.4248218249116573,-3.147981686971444,-2.843519209691472
0.5766191461415106,-0.9734271271741772,-4.62637178906685,-2.623430021309793
1.0419975726442157,2.2972831159828857,-1.2276607444076246,-0.5646667099799492
-0.7887163191128099,5.1786527943731855,2.4834712363316136,1.1528708144030002
-0.03818406533121094,-3.7345078841748722,1.9407082752076836,5.5930438955608235
0.28914145161327315,0.801834316624637,-3.6354158481136665,-3.102642678172195
0.2036911652827781,0.4591473229192352,0.9390933025779766,0.3420039330114216
-1.8389421307602145,2.0586407589566402,0.23830454443595694,-0.3334490929617249
-1.5907255090117722,-1.9933554201066679,1.212285396716518,1.8868776120856918
0.51447601311319,-2.0962223009141803,-5.240576397942554,-1.396910924363542
-0.6931288586847438,1.92944319135972,-4.569588380733281,-4.85552132076353
1.0425584726375308,0.8396718580270097,2.3255680102714007,0.38047786926808635
-0.6580871986885466,1.6522443724950768,-4.015770985011738,0.8378023282598877
-1.2776922768503813,-0.6847938672967885,3.101659482084829,2.148225711990659
0.589179868713967,-2.4300510157558817,0.05867507877591027,1.5422951661282553
-0.9003177795052205,2.103746615713909,-3.72414147920167,-3.7482013105982652
1.020649034402485,-2.4242573074070615,2.453073528435385,2.8858905283827583
-1.3439023833637211,3.7392353943589764,-3.472115806644782,-0.649600030492
-0.49389780034414127,-3.1704332682224665,3.971082956866609,2.743865817304324
-0.37842724245156656,0.5566768787371038,-3.803806451257789,-2.926124769324364
-0.45835170348063736,0.4884637140946875,-2.118052256165025,-0.5283864738490384
-0.3166950911591724,-1.0271115471693004,-1.5917737123209383,0.19034217864428038
-0.709046323675564,-0.6865607889023451,-1.1551660664636239,-2.245644544067468
0.6800155225520662,-1.3359497550032267,-0.051138773379273306,-1.1285561769900117
-0.5994312588245745,1.3598815570256875,-2.296191344849069,0.09103875595734534
0.5448359549964206,-0.6853682689239007,3.2302038593843876,-0.9443284474788416
0.29459447281699086,1.8385222885291284,-2.2782552601114388,0.20150496637849077
1.7929484814478844,0.30943159228589556,1.4934776667682306,1.3969204492583247
-1.0675091557603815,2.5282429775248696,2.7680706686536767,0.5072629783792229
-0.6383105590464155,-3.4748485248190404,3.947310414599789,1.7071711799969014
0.8495803531531132,-1.2706162716876135,-3.736415101494625,-2.8548818334827493
-1.120015792830844,0.9297183069857806,-1.0352902724782183,-1.0916279118423766
-2.1147406629594405,-2.910220256771232,2.9358787666725568,2.094454316792299
0.6895028241969471,-5.500884306467959,-3.0111726786116852,-3.054386685777267
0.036608414146886904,1.838793439163992,-6.4694513840415375,-7.40739483649719
-0.5563615733730988,-0.7193075235132765,1.8421359992265038,-1.8676963707849368
-0.28283570004556974,1.2812233888893607,-0.7995293449872245,-0.5695101209736699
0.2142609877460855,-1.2233156834352243,-1.2883957263649248,-0.1105450408580988
0.40909175051289093,0.8048660430269701,-0.38375821032499186,-0.7664913203446824
-0.8578140939815925,1.0294415313319576,0.7983656899551795,-0.23135739022907909
0.8152939132239146,-2.971701152469898,1.614733637537042,1.6474378286440852
-1.113934988017374,4.101706493963018,-3.1977599898597266,-2.1780192777216674
0.5603262582645004,-0.4342003641359464,3.8301452207380278,0.7360077714667925
-0.35620641833905786,0.8806758093946764,-3.6372004267608102,-1.1990496906413082
-1.583220423412666,-1.2637306364016754,2.7542508494604063,-0.7663191614112547
0.6702955043973909,-2.3206572247439907,-0.5138422338216013,-1.1283527799982065
0.5328627331519395,0.8591564945254003,-5.074667869590462,-2.2764120060607493
-0.7910182748254047,1.4221380242683639,2.7090589268262377,-0.011828304308255766
-0.49125341892832536,0.08612785979410331,2.0839657451332094,2.7941205426218967
1.4171517522268615,-1.8978267393748063,-2.272365155144894,0.7418898442474899
-1.919796618447117,4.580702193550963,-1.201253728450427,-1.7577275614037733
1.076848881492831,-5.007224024848877,4.171170915258959,4.139911423847873
0.02882448854717087,2.631478623268931,-6.695503214817081,-3.1831878154273197
-0.88043934965649,0.4191402369852837,3.1976293107955858,1.2645991670684023
-0.6280679905290517,-2.8123429476698805,-0.004728066893172386,1.2776762664191395
0.22784528245173258,-1.842324448003955,-1.9046511708027387,-2.8802326308082864
-0.3625475976984854,1.8598927249612225,-2.138243887142443,-0.628359487979655
0.04856406600159433,-1.1990689851836445,0.15866667702411663,1.6282239718855718
-0.3679650407277496,0.8437933260567896,-2.118970634201934,-2.4160511978016594
1.713217266213585,-0.4363724865545075,1.3653076514156102,2.293422282395425
0.14601691836092445,3.091685539532301,-2.116442267236844,-1.3494629495395976
0.7386621639559053,-0.8258240511448034,4.898602893413407,3.6553838781794634
-1.1633705180514244,0.7689554771662117,1.362528303825061,-0.25316342762294153
-0.6123066705250295,-1.4751048329541985,2.7568532182296503,1.1906054557916435
1.2783986908539575,-0.011701011251719073,-3.862630744537443,-1.516000646620972
-2.4271517981856436,1.7664110962136796,-2.0513845409663234,-0.8363644727613948
-1.9841795876311465,-4.625855596967243,2.0699845066180798,-0.3483700730961128
-0.6338082248853076,-3.2625594602105936,-7.535907036850151,-1.8072935139488202
2.1723869151959607,-0.19481542184759082,-5.2949470969489685,-6.015844929000381
-0.2601151111167936,4.311200259101335,-1.3037976751297422,-2.663408383906245
-0.134798217962322,0.47206138480095194,7.238385997814122,3.6373768638907267
1.661437765144479,1.416562734218417,-2.0635009708603347,3.3676482874631954
-0.6130011841521114,2.980646393172599,-1.8442741246910523,1.02383164825298
0.43551612387416927,-2.2913500090859036,5.102007692739855,4.463593342175114
-0.8387565709421833,-0.04853062975055644,-2.5452684985830976,-0.6402800162252301
1.6174279540753589,-1.5217375354936133,0.8497279133757767,-1.7647841531175377
1.1309325594609272,2.026655748166257,-2.866886940728757,-2.4699264527473783
0.826138056150958,2.3589531189724466,3.4527031606601293,0.3413118254719
-1.2077374871734896,2.398755100008996,4.241590326165507,5.440987947528699
-0.909778627749197,-2.401993756160629,2.653854160458746,3.3965649492357546
-1.789031183128834,-1.9636347895480282,-3.277885954580457,-1.4377178083229953
0.8521069104679678,-3.4771874246973207,-4.124136189052315,-2.1249944448053775
-1.0353848473064078,0.9412186271352138,-6.98722376409335,-5.754093823534897
-0.9802757342384188,-3.378233758892107,2.0637791260410845,-2.6768132833796714
1.4832255741146239,-1.7506058320505073,-3.1758283928980675,-2.426752073245463
0.5053081563501727,3.018589718419361,-3.188790190197172,-2.0356890961284715
-0.5381057026257059,2.9090289321623732,4.600326987591034,2.1566428573370144
-1.0830494830603588,-1.13571732788768,0.04192430065162589,5.906436848637068
1.9644174132172894,-2.7071392318988576,-1.5499137142372519,-1.059562274005904
-0.21658216520030857,3.890306041458354,-3.9635116423733177,-5.277410941830812
0.43633661165725157,0.6560022737516527,6.525466576677553,4.875962599945087
2.150744464181422,1.4762050449117936,-0.563690081783382,0.9543858932504958
0.3683837910535125,3.6572950989418906,1.326748108700636,1.955312212889139
1.3548842632768643,0.581192511867396,5.6991353016155175,4.688163288420309
0.7119811189940791,2.1771754651030557,1.0180227908824366,3.476002644115031
0.45708238669348206,0.47598843345745356,3.8716749557989374,4.168067803088956
0.5874679498970746,1.978386791162682,0.7107623001064167,1.4476886981774513
0.8268304127748043,0.48147821097195165,2.5305931168181957,1.8088883832550586
-1.4501690216781367,2.2950622426025973,2.3350536463727747,2.275693851389888
-0.35633930520502144,-2.165691916367087,2.4527851191050294,4.113417242257296
1.1482518625253135,-1.6083695194451961,-5.004943706017838,-1.3811377755713286
0.3293522619854583,2.8403995042221,-2.402374327005666,-3.9486023855552848
-1.1016596948274655,0.34793599203702125,2.79084755993593,3.180330244687423
-0.5795882316768449,-2.122208125387973,-0.15425990417847446,2.324918598636488
-0.22541141679996074,-0.5019078046374277,-2.2303386200696567,-3.0276473580219747
0.07399420888477093,-0.604040213920289,-1.2355398289281792,-2.527512987883813
-1.6649953413677587,0.057313205061603895,0.04674992970598435,-0.6914445162558891
-1.8215124802786642,-3.1628643534495517,0.21686344298585428,0.22630127633335864
-1.2908506473457233,-5.05043440526822,-4.056331785384513,-3.7883685636724804
-0.3033254600262707,-1.5555009370294035,-5.949878789621826,-6.52632196850007
0.7235341651695875,-0.17311649109583532,-4.556352485467964,-4.048061346433879
-0.7214970954763745,0.4731625889297576,-0.613903886149737,-0.5464889368811544
0.380259110202192,-1.4452238331037797,3.2909749555143843,0.33234971611138897
-0.7697428371400759,-0.15212869436612741,-1.8574151481254253,-0.8001871881155723
-1.811869759595338,-0.720738732716327,1.6112031774894364,-1.8611767976933453
-0.985147879884785,-3.146884160964698,-3.3325225027858316,-0.47893761497568643
-0.38446376590561715,-2.8105584290249084,-5.379832611993915,-5.869066229906364
-0.08508219427214168,-2.0971522016421966,-1.9744079835750292,-4.092395755390367
-0.5427025291887103,-0.02262110872497991,-1.4057515049189013,-2.8126408662716456
0.7868762176827153,-2.30752124113433,-0.8121899264273256,0.3930469965456489
-0.7937356627019941,2.0002832913411686,-2.487589014908804,-3.543261404154031
1.3306603870387175,-0.4818032322837138,3.788420466422668,0.5115804771106313
1.3646834782522874,2.6843640387776495,-1.954445745789909,-0.04910412808304215
-1.8888126114903836,1.5317077152592944,3.3904900578650112,2.7135258651822243
0.7007702433373827,-3.593934696558023,3.527768630194588,4.942210296637347
-0.6464115247050435,2.5923625084350883,-6.322576220968847,-1.4394226696982055
-0.5289904757817183,-0.24979018669923025,2.5475679410839516,0.018805083663555378
1.7961414065406154,-2.2149343513807773,-2.362341275781821,-0.08440605929809153
0.9553808509744671,4.3554658991772355,0.03838935802996657,-3.6949069088207938
-0.8923084064291356,1.811525376104683,4.285070180212909,2.0567388496507784
0.3180918370265262,-2.3034621547595884,5.006010598280661,4.126066957761754
-1.7338562963695976,1.2835954766817452,-2.7432925253521834,-0.2596168956863072
1.5008842110761154,-3.08513234313849,0.4582483237748464,0.9818988817410313
-1.2276430373300236,2.07680651958514,-5.854569912934555,-2.1557142981606203
0.022538890643310234,-0.05835094278637287,4.4532433474072235,0.7395841568673422
1.9880345059260005,-0.9148587186535686,-3.7766718165887383,0.8904664618626028
-0.26772679177678227,3.8473806928410954,0.4242232716465509,-1.900761188598758
0.032675940502778306,-0.6047583525809206,4.800753849498298,5.814753279461034
1.9053779369267594,1.1669881489379872,-1.6819830873849622,1.401157675189823
-0.6595704130722548,4.462318841124487,1.052148178101803,0.3177013427253915
-0.1264310095263271,0.870184857838173,4.427504664494404,4.956615881242571
-1.2012990366833278,-1.3784572718362962,-0.17852328702471576,2.5886858729545867
0.5709384330524714,-2.2001777907309434,-0.7397663889471835,-1.8909293284295547
0.9624376660430748,1.5166006715934284,-3.0389794644734938,-2.415456747362945
0.3139276396330403,2.984012668478494,3.7858509325307264,1.1076615727557777
0.7575742150105018,0.5005833787972658,3.61390605843264,3.329255660722694
1.7952452241967687,2.0192434958810166,2.0710186771923995,0.7038716457452174
1.1640899293995368,4.01195745489496,0.8073353888381909,1.0682089907651386
0.6367480326462885,3.2663977401470192,3.8284964260199548,3.953537900852595
-0.9261531751095791,0.12017887812547356,4.092192431846327,5.274070096367219
-0.04248801652726845,-2.667569319672624,2.5502763489957756,1.386561452091913
-0.4510098207974529,-1.0010630862977556,-2.3048362026192235,-2.724519213309176
-1.7116198930101518,0.5394123371354069,-0.3203795658477152,-2.103754908973699
-1.5044805497603957,-2.991584221177396,-1.6068574320340876,1.4846156041613485
-1.2223798638001528,-3.34631436761987,-5.578719026930334,-3.6446654112639516
-1.2597466836428388,-2.761872284886905,-4.459733628130165,-4.940225141814288
0.16985929246047865,-1.930128511073757,-3.1483066899912293,-4.2661247947588015
-1.2216661419858295,0.3466302953759126,-3.3881928981186733,-4.2176724336685965
0.42053780815650565,-2.0278765563297965,-0.24168119225324602,-0.43093201822844357
-1.2227526803298019,1.8736972094397393,-1.7376477404130137,-0.19743790162427977
-0.25124467333220685,-0.7300111453869675,1.06128493428987,0.11167446088469646
1.6984641997258545,-1.9853765668835592,-4.09962071649549,-0.9993766242029345
-0.2749546109514537,1.972353547942841,-2.3548646170923995,-3.793377024172289
-1.295323681511766,-0.4503244169797108,6.094036526892515,2.240071198704162
1.5648611660841756,-1.8100634952656507,-2.069694125389447,2.069729934324604
0.45216777224447585,4.421812694792186,-4.0992033050109224,-1.5926193263536552
-0.2316157343551864,-0.17015887540808994,4.74311315310681,6.744184325040685
0.323378407241964,-1.6863384790451548,1.192404954322013,0.07741412159057437
1.9526445215556483,1.8264562998657996,-0.46234179714630286,-1.8238974979358966
1.3377989609413463,6.0772419126339745,1.5827619866332499,2.540853430697618
2.0873408166225036,2.291248842047123,7.7816336032887445,6.545484848661017
1.0184362248689431,5.251007853534886,3.7733958780008554,5.2743282847747945
-0.7669559065226635,2.907930323989451,5.928334011635204,6.242219570744685
-0.35626950568585103,-2.2439208276205154,0.938674545185822,5.767861173258531
-0.031569773106404186,1.0341499412617998,-2.8708541187979932,-3.434973791441169
-1.7363157896932908,-1.5926343943713042,-2.2101730766387084,1.6619628668897892
-1.0501003890744116,-1.9750803756642232,0.840578430208802,-0.9863040479506319
0.019077379339495867,-2.340927977656283,-6.280470091423743,-1.733906704232354
-0.15427255339364415,0.2529084268639218,-1.610269104413267,-2.431361620311401
-2.681095589824786,-1.2387184041462924,-1.0711080345562674,-2.362681356136712
-0.5303553663531175,-5.571117941446917,-2.024672992656433,-0.17263305287348918
1.6918258159937305,-0.41612700959879845,-8.20762929012629,-5.835346494317379
0.7320102010049941,2.94245066208834,-1.8439786183830582,-3.203719009257748
0.4294739840414435,2.4141386412318013,4.146520305131648,2.597611670063837
0.6654454532569432,1.9802992315722525,1.6173768750041906,3.2232224475948095
-0.2857877269948705,0.20230765050216504,1.8862304957427205,3.2996297844873896
-1.2672370379830116,-0.1236051390744472,1.901306539883854,1.096156446192416
0.9373696889656619,-3.107608058944234,-0.18615935783344695,0.19127487642468222
2.122934869445569,2.2202889287217618,-4.98010267359562,-2.584150570328991
0.9612830571235654,2.692302386309316,1.1163979661142083,3.4500511080835534
0.31364328308611245,1.1724794365534348,7.490005319556964,4.821920395714465
-0.594477444935937,1.407422150659424,2.362894290551215,1.412540857876689
0.25382395746342273,-3.008269047929831,1.9175700051886444,2.037166158670514
-0.5674699437277888,-0.23106842101686098,-2.3873387881809527,-3.297334939297082
-0.3143915583689566,-1.431812802800836,0.7876415274949436,0.7702828438630472
-0.03735818305448615,-1.4279629206120643,-0.5220921800464724,-0.8525099388233273
-1.3877098152056404,0.17989115236855707,-0.8404709692548429,-2.4507416334876573
-0.0027704510917441485,-3.305782016769033,0.3926078412309288,-0.908915107363081
0.13701782951368574,-0.6682304566362968,-4.537771655367618,-3.3926981287096987
-0.4475163791671352,-0.1030980307099098,0.9593691428126402,-3.4146295254567685
0.9743070095836149,-0.5175039871058785,-0.24753873336970772,0.7583628987518259
-1.0447696185778363,0.9970069082059612,-1.6626705070524437,-1.3403320489403703
1.2561362543651593,-3.035065927175623,3.512851735090327,0.4356533582031166
1.1490432360167895,4.202659989655491,-4.878009615434083,-2.0236536113553787
-0.7787950281755573,3.2514792594426516,4.165606335960158,2.4199060973604327
-0.02869147676586884,-2.3930094837326523,3.3784614431470725,3.310290781888564
0.27856010537086673,0.94697006055096,-2.3894442348442846,-1.236921407301357
0.8166286027038904,0.15481658841212853,-0.41854848211864537,-0.35075551001269956
-0.4601144717050507,2.3449935606238816,1.6273818149501107,-1.2174832742039428
1.0933466075562768,-1.6731752196104184,2.658070636974053,-1.4303287928928423
-0.7926423403394811,3.2688514360696534,-0.5585725290517458,-1.6177182898049276
-0.3378986711894614,-2.9848958369214387,4.888966495616336,3.810689424593442
-1.8325969961561612,-0.735654625684365,-3.0169095711991925,-1.3001477018444607
-0.5042046804007995,-3.28359693537337,-0.416298901417699,-1.9259038718032602
0.6571169844277738,-2.3944279680356404,-5.390542187502388,-5.928145717779197
0.4058406458507123,1.7970714516064312,0.24188638583627253,-3.9936197224259224
0.3136048186886503,-0.07523919753035535,2.236459583246545,1.2417702319299349
-2.687364337148772,1.9108952980031286,0.5854909609524076,-0.07988676816135531
0.7797439338186277,-5.698904634221015,-1.1710910333230133,3.118389521907648
1.6444252806804922,1.5201053860137121,-6.757345606643435,-5.0332251058742
-0.9159925002672161,4.736588906683927,1.1003390343571648,-0.7901536473824864
-0.7559299842751763,-2.6467239173100237,5.418800230420371,5.433980882439275
-0.23710818835467473,-3.4626109660021407,-3.198803423866126,-1.3522963246886779
0.17012562897671304,-1.6288408466297053,-2.80011191126692,-4.07233659611779
0.1315224064335859,0.5285701770338755,0.009319439908452964,-0.37736928013359305
1.3812864504865496,0.3781473742372029,1.4212479126418507,-0.3003950263825157
0.8860179716510348,-0.026298239305485804,-0.23624172137335764,0.14097082903742209
1.7414404126892036,0.5601728671257094,3.954933480405311,0.2019153063262765
-1.6627542135076068,2.7483631742442927,3.1889135955443244,2.246602037579827
0.5391377369083286,-2.780877753118461,5.725921746443172,2.603627459485467
-0.24048171762223622,-1.5639648411910825,-5.184549824423911,-0.8285097356324567
-0.03219740540467681,0.7790341628438975,-0.01786839439256882,-1.9395138884477248
-0.158394848356495,-0.8043329797695585,0.46763244643661206,1.5290732576276567
0.37491346148715327,-0.9986128693663738,-1.9191200203093257,-1.3311882106278325
1.030899046170452,0.3235071661720627,0.9867365043403625,-0.05550421691095653
1.7135953536141886,1.9199441338237133,1.5518514079380505,-1.3809045469151844
-0.05719621646822706,3.9996895708365505,3.153730945199142,3.511540822457534
-0.8485569753942976,-1.3141915350168965,5.77333114373144,5.8178620472874645
1.7910857331110999,-2.9823980397533107,-1.0508450043956963,0.782719322341152
-0.31868603137766593,4.827356499270304,-1.8979656060713035,-4.466309025902946
0.9183443578062762,-1.1644805820209365,4.7339920576943255,4.479978472324922
-2.567200139200373,3.171695417949685,-0.6848730025974026,0.7485961471365474
-0.6830780419906325,-4.833376469703078,3.046126920885918,2.443733492310321
-0.13583333719725665,-0.8756977199297511,-7.478968687991722,-4.539013378234502
0.9460982721319358,0.2793793014894047,-3.8344846821101557,-2.5332500345814135
-0.8111541617256076,1.973048612251359,0.8432192079525318,-0.803466469084139
1.1317746337444625,-1.103883609988754,3.17607232195775,1.8161638336115538
-0.6526690198024324,-0.4804818741788255,-2.829608716802961,-1.4510806474857374
0.2187182792118069,-1.6144954198350279,2.919381032111685,-0.4910402106351419
-1.0093770460588856,2.179504714535147,-4.2791672841535675,-0.008695709901940463
-0.6615985790826735,-2.3102569145254392,1.4867934602175512,2.7486855814738758
0.18742566338967437,-1.5992096692502025,-3.831445154419707,-2.5176791428191336
-0.39318297246525724,0.9857161456316152,-1.5910690232338802,-2.5522309953066733
-0.8517484411922028,-2.0847005637558746,1.102361240241954,0.21580905939815548
0.05063124452484724,-2.448713755568948,-0.6468419635779507,-2.7033072320985116
1.337720981340687,0.16387546001008474,-2.5008278941272164,-4.301512997754631
-0.3663268597740262,0.027037470451389822,-0.8813442199852722,-1.1598430736775727
1.4046963764448235,-1.9595706693472903,4.023355988247361,-0.38829851424844036
-1.2057935051548156,2.9498663894363584,-0.8799724182776885,0.52449162284781
-0.9308445216247739,-0.19892133987331295,3.711468971281683,2.296963193373123
1.827277658200355,-1.5200160217511587,-5.0993283942826535,0.5956936830068703
0.8528849471709622,4.515086147516505,-4.2620237834325145,-3.7048406776579004
-1.950449382537513,2.40916662692653,7.882293898485077,4.644655793445169
-0.20381276353537064,-4.058432647783964,4.493795470728797,3.9549914742409533
0.42279689529747505,-0.24990919426096517,-6.833618227870765,-3.5232703766598537
-0.7591725873096191,1.3774391952444731,-1.1889649334190806,-1.9103851542089116
-0.770037956913523,0.16602946831582455,2.4177536462233333,-1.1067332373888379
-1.3985963227857454,-0.8203973718206505,-2.160347862979826,1.9062910701253029
0.5070768735967371,-2.6248220660877624,-2.323096888589406,-2.8680512202868904
-1.8549277825367294,2.9161123874009247,-2.797660067934939,-5.610959436897424
1.0787176593308905,-2.5089615137857955,2.0910866136701007,2.2272715928409044
-0.35556387624879116,1.2875920869943236,-5.163663674928674,-3.7007139279104697
-0.012025898336755717,-1.6887241162353837,2.74661535391147,-1.6393405983894969
-0.8190313145381176,0.330411915565057,-2.9977143323928974,0.8504731521704851
-1.4374121921861176,-2.6962324324318843,0.5718401474110558,-0.32302848693026226
-0.7325725941026247,-2.0692697149472687,-3.3411397389762194,-2.755917442597054
-0.07725252652026984,-0.8377268976265284,-4.473937949347194,-1.8643597506714764
0.18806565400167272,0.40319842357724694,-2.8233013972137524,-0.4425591077257722
1.0149276866827934,1.5560914304617106,-0.6698947592036814,0.2469143298239594
0.16719895261819226,3.3902505743348854,-0.42739125906128717,2.2613146709819616
-0.23372669300935442,1.7096452795979542,2.2289528198988147,2.584196758123169
1.3129249795253353,-0.6717855613304395,-1.2769932435397031,2.3683062154259513
-0.5010512782810226,2.645543798936368,1.1631576655646816,-0.3280530381592919
-0.18354586518428015,-0.7429957568233337,5.472508498277839,2.4434539589891004
1.6078107836181346,-0.4138801108560857,-1.0591604364146616,2.1232032851696596
-1.5403936224208947,5.216120122880772,-0.4654953742812801,-1.5541461538679406
-0.3837557698972158,-3.99962086786795,4.231694819569625,5.031904130321384
-0.04425392990553375,-1.1610391553723762,-4.760225150205161,-2.068648773879398
0.1703725660746911,0.19977110139731963,-1.3959356923672028,-1.8447078858743415
-0.05610387814773435,2.25716259829152,0.6718322627861223,0.593538360643977
0.3128182303598379,0.6597888496700148,1.5765131485617137,2.0590517092904
0.9617962880596826,-1.0453515636033022,0.3180553906791842,0.32508323946526885
1.1218157518096972,0.14305344173778667,0.9882139671966502,-0.8703805380071823
0.18467611515539364,2.670338323178565,2.7369583025036874,0.28450226444306237
-0.3751238429208168,-2.0560735117321323,2.5189330823264218,2.7651549214477815
-0.6297184582375396,-3.461609582198611,0.7651600003272925,-1.965214189677158
0.08129281083526038,-1.563871944879938,1.14026814781644,-3.5598543180051276
-0.6023073264793497,0.9251283390667295,-1.1985644698446611,-1.7027542555878792
1.0821691192219378,-0.02482481147459281,-0.29349920403858465,0.624158448382683
0.2558549070751185,2.5771810366846575,-1.2438175847419983,0.6608265231049648
2.1330157334177735,0.5543816375897721,6.189768358179677,2.771809149276784
-0.2390628775086086,4.288758446655371,1.5610401145356008,1.2938984168766736
-0.5923311808392089,-0.6592172164729785,6.42317102405687,3.2634825387987614
0.6337607281394158,-1.4799917883453562,-0.8117704148282343,2.5710252145119643
0.024036443663670568,-0.13005617931279256,-3.3666586580311386,-2.6912299772509902
-1.0810397593284387,1.8203607644917115,0.9525666722419938,-0.360251694508128
1.2791393928497918,-3.419562711821003,-0.10187352599824577,1.6791779095739972
0.6719372405136103,2.906269026875568,-3.4308419659279483,-3.449791596960705
0.6271907805275726,1.2032690729310995,4.26790325673117,0.5650438068805785
-2.2854327659063527,0.8595488999716834,0.7812758365150445,1.372999135206756
1.093449396157628,-4.418667750005499,2.180619500487513,2.187142023156846
1.2999607927037065,3.360672870411471,-7.268089658048932,-4.391269514519474
-0.38319583585769984,2.050918585877937,2.0300218821941125,0.17466501605632567
0.9097093315235923,-1.3627755476275807,3.00617294078859,4.435300237436173
0.9309424850454805,0.9218741264049397,-1.4055479397015116,-0.3480541863123395
-0.4349286461885153,1.9813749874470263,3.6468827379667275,-0.8900800054429254
0.4786817783388065,-0.7950750997198042,1.6929124471691934,4.57616688776315
-0.1367462060988948,-1.004617118082729,-1.7910079937501582,-0.17172398825707152
0.16156990876948252,1.2967688381193654,0.22742426944670946,-0.3741143825928739
0.8530723530418542,-1.5908138642129623,-2.2639478004198064,1.3010813222188569
0.676745742216786,0.6312052669969037,-1.5390998370496516,-1.351266646793154
-0.8759893681357578,2.710197754772726,3.6417604784829467,1.750394671474838
-2.7429968105301197,-2.3623150249451905,2.7715969802291607,4.132987412799147
0.3883104782923321,-5.912671355410826,-3.147763008933712,-2.9941277437978213
-0.5474989006876583,-1.02163138773885,-9.109366906761549,-7.002808072771996
-0.4614889504461249,-0.11036025202179733,1.8280599192961429,-4.875788338061371
0.08926397313035209,-0.40561772864053103,-1.1660761293507238,-0.6548900148428926
-0.540521823915023,-0.544006884823955,-2.575439733450402,-1.2259362030094696
0.3040217233668679,-2.8265743255224334,-0.7162118849359407,0.6525798468045567
0.52916899141399,0.8914009062417014,-1.511315354468306,-2.2542564477690146
-0.3139250124707263,1.2856390549151169,2.208261711532682,0.2554255803225472
1.1813128316465287,0.15641380461699206,1.7150830841296762,1.0909631743751937
-1.3359672834272274,2.5545131383919126,-1.2218245267335557,1.7178001836668724
0.37356188785552114,-3.080353224927954,4.1641208197403685,0.5615612154654215
0.5491159702241956,0.5358772463613913,-1.4132858473133085,-2.314221251357236
0.8804615613247954,2.9824747506960274,-0.0874721556521052,-0.6042026174964736
0.24435902179945876,1.585490132039148,1.3261960717226289,3.7278040023902874
-0.7732630027792817,0.6974817880706387,4.112713658353643,3.1665699750756895
-0.7297851897495745,-3.114716150763833,1.1438870552292604,0.872707597179876
-0.6686260077445382,-1.7346531499434263,-2.9150404232617673,-2.7324620508132975
2.838988006627337,-2.9729869376857714,-2.21562400712496,-5.271141793691232
-0.9011919846696881,5.703446832029632,-1.9030788497091582,-3.5122162581225713
1.2826065853776345,-1.4308714486107676,8.666890505276939,3.1998973977536993
-0.7095717125963901,2.637380464815622,-1.8372491399231166,-0.17344696967245388
-0.9795201305000932,-3.054561182947049,4.63045832723123,0.9868270400203316
0.7250245071612861,-1.969825302171954,-1.3936453361957652,-1.9684975311109214
-0.14091888552999823,0.9009068401598226,-3.137659535700301,-3.105175056405928
-1.3960792343228587,-0.1966399822527017,2.195405104364831,-1.6438396075799249
-0.9964952198491726,-1.5357208677561474,0.3312237871370174,1.2368979091788965
1.0141837927211343,-1.528646800982754,-3.6206744448430586,-2.3441257239450826
-0.28854667302142656,1.1157118545228033,-3.0874763095683453,-4.484427679993449
-0.5339035327156287,-1.7599887881281489,3.032116599422781,0.5250056956795972
0.04388850657658749,-1.2750451845529742,-2.6246675625220424,-0.4461340651983644
0.1561903527571772,0.21438675280745662,-2.818467876091284,-1.332129351332627
-0.9514384406507614,-0.7728324533628221,-0.04665182878414373,-0.3015358941812277
-0.6285875766558231,-2.5072939904177125,0.09906287659260588,-0.03275462420716713
1.5885492956045388,-1.0321290334293416,-0.6041668114937031,-2.5199586589826386
0.2908841771280588,2.4185751162215197,-3.1066217634385387,-2.9527634734677646
-1.0229506067177265,-0.6665877748583751,4.159517605536913,1.4990372732544837
-0.33476226794523556,-2.544607237659841,-0.4052345016054715,1.7757511602690803
0.6972701649806125,1.6266764381724652,-2.695331161204188,-2.1442877983028623
-0.09706313518675251,2.057886241717285,-1.9010895552450613,0.21929844519017178
0.7024123643000587,0.146890659589455,1.4135834757176928,0.7641175283080953
1.1291265956521297,1.4884198249352472,-1.3133339876859187,0.8538060996211915
-0.4865666742545059,2.330810713540304,1.1107696624579417,1.1959195274032755
-0.1496174384862249,-0.33711021512979733,2.5717336571024543,2.4262583822290176
-0.703183147148356,-1.217479822515003,-2.0529126182917676,1.5233219402869915
0.5560759408354613,-3.886500792884105,-1.7868058495429129,-2.4351952417666167
-0.9620818912576993,0.3336300240904112,-2.1111364618489,-5.022273526897114
0.7079781795715633,-2.1030716015502326,1.8382640079259567,-0.024818319243395393
-0.6561709707264015,2.2245302770050657,-4.060391405677348,-1.828956151021785
-0.11628861001274504,-3.339510995344054,3.586851038890024,1.2899509369131121
0.5984936320499352,-0.8268010076955541,-1.3493743105123621,-2.6797480322921685
-0.13739896370025395,0.15693347434402627,-1.6911521415577178,-1.4595203384601119
2.904043134146717,-0.36596603935425587,1.7036739737980744,1.4151687912836595
0.37548298043983264,5.168692491943656,-1.7384343391110426,2.145758646523711
0.6693768480792788,1.0204944640563225,8.708347277394182,6.108874363713655
-0.9818777499844524,1.9709353453192124,1.0873865986654556,3.029347517867456
-0.35197218960233195,-3.4878279268587824,2.369630143326749,3.2475856082294996
1.7876927095812862,-0.7057316247503627,-2.423321074591282,-3.5281099403612064
1.0280535044320307,3.0219785673969914,-0.9590383450322888,-1.4814751190509976
-2.17598743680208,1.5931985809186608,6.336396753317301,1.8901465717806427
0.6815160770982961,-3.571528926074873,3.2103926870713915,2.1911619527684283
-0.536201900335726,1.0369365862117839,-6.208193547440189,-2.4750409378771856
0.7216371748801591,-1.4183228848936777,0.6799363679145034,-3.2214035790684403
-0.8418672290457979,0.5819930047844237,-2.650232117584567,-1.1608806701824887
-0.9176078879820158,-2.304324168371826,2.0891469312686954,1.1898844090408076
-2.778726476328111,-3.2864543316215613,-2.3024288520432856,0.6803393667090512
-0.5238213672535982,-4.3735184844205826,-3.7471113623129053,-2.4678468966820866
-0.6004261873867217,-0.07335090996033611,-9.468043894330252,-5.429242142120785
-1.1995852072871016,-2.1991682544037974,-1.570771931098518,-2.56221723769079
-0.5239068683876288,-2.216299515746535,-0.8333940108431266,-3.498304566646606
-1.799796747723224,0.8288039816809054,-3.420712658107815,-1.3993306953826525
-0.15005256367632847,-5.610825968225466,-0.12228916777659271,0.08042952123532787
0.4210903572543888,-0.19906139476429535,-4.781722329100343,-5.10557967062106
-0.7815502195938312,2.0037063935539026,-1.512295668929044,-1.8946842323783464
1.9915193320718152,0.3268287802923808,2.0862714054485063,0.6338177504346914
0.15261001206715427,3.250865429475452,-1.1916603862968989,-0.43709323824298785
-0.17544843410553637,-0.6403046567197097,6.315917024286683,0.8812705245118682
-0.5806508723109237,-0.03535437445928752,0.8982356796564739,2.1450235222668486
-0.2453258834141605,-0.7439840530343029,-0.1118190601026452,-0.05518151325797077
0.24767347270735324,-0.8743969703866401,-3.0644716706022805,-1.8186069093569441
0.3144159986341041,1.9306861684849217,-0.4199375678981535,-1.0494146611617534
0.5475038453460227,1.2759073185197614,-0.23880821905386718,1.3539098312030275
-0.6969328084853672,1.5862519628844556,1.5182877476317063,1.5690378647162628
0.25513189697654504,-2.6040473830265976,0.7163638640276158,0.6304414238812148
-0.9468006666871726,-0.5234214354573719,-3.7446138504691104,-1.358598056312151
-0.5428771841804947,-0.2745089530157696,1.4179527297010552,-0.549003526196495
1.4316510795395292,-0.7096052062223124,-3.4402943268306485,0.0022204759193705584
-0.6913956917132638,3.011520177231199,-2.027726195071457,-4.011250654126918
0.4685679415108833,-2.542446892491864,4.706556124109213,2.7269239568863446
0.8106962886864009,1.4511600077069555,-2.5239410895040386,-1.981067520062234
0.434789660916031,2.6919384291210835,1.7173879461929498,1.817960601812898
-1.681274570901316,1.4820921833625231,0.7758430954716866,4.55930373641542
0.7179048096021707,-3.1525720333672482,1.5383304424210533,1.1040765878196819
0.12564504246902283,3.0024459631200684,-6.243428461289416,-1.5569598673402203
1.2187511575601453,-0.49239204845900947,1.082664587466951,3.373754417737797
-1.5845023609025244,3.0489724849665008,-0.31745780488684183,0.06099121483074271
1.37162794494405,-4.82096267667761,2.1568481572655998,2.337987321534174
-0.567380650778532,3.1092597490945155,-5.684957187691505,-4.0576661908463985
-0.8343975418864243,-0.5719696132986009,7.3940863250141025,0.3960382020973643
1.2484631682803218,-0.04590409790951422,-1.2458249951067677,1.8129616391817165
-0.22880808096959562,4.422607062414172,-2.112536648217553,-1.8487224888225278
0.7986658487089947,-0.3460625023971414,4.712197087207571,5.400452408276493
0.6426113407810284,1.3299307752233562,-2.1265766735362415,0.5498974635130216
-1.091493230867527,1.7204641633839977,2.8110249799780953,0.6187704738308044
0.3741690433943828,-1.7564635355538167,1.9038416694094757,2.4200031169501606
-0.27315031101611204,1.359186272535566,-4.346117903580506,0.6926291001121958
0.33298869832756656,-0.7039263691235766,1.5799413067553285,-0.45629286052148066
-0.0604626177533731,0.043362666684367945,-0.25103885430466655,-0.6889100393412158
1.2438855213101627,-0.024585711421482248,0.9556965798030186,1.3129601053992985
1.5744929312021434,2.7644642291443122,-1.1176950227789686,-0.41984871733864954
1.3073822308394634,3.4630940104124055,4.016724590990325,1.7808123688142636
0.20093427507725367,1.6644551388007707,2.6756946292401067,5.245418161340053
0.7773965770885916,0.718889330636433,3.1175775840400535,3.482078494427083
-0.16349734358979856,1.8568092827401417,-1.7382367363415632,1.9170177607185968
0.37568702521497854,-1.1577148663467596,1.899694676107033,0.5478963296800914
-0.7787208335968885,-0.3496144619246513,0.36710313055027205,0.5022680818414137
-1.1915642370713875,-0.3966548081885024,0.5054717695189463,-0.8655207161396071
1.173756649302811,-2.233878440457859,-1.9661898669962334,0.26907774574308335
0.5331738809489227,2.2470528563047276,-2.11196670467542,-4.407229491078876
-0.7792990114973414,1.4943220994521718,3.5839763870747015,1.2253002646097846
-1.000770255041327,-1.4613803212822418,1.102736562522228,2.388930158974131
0.31063340230995046,-2.667799308529938,-1.9963844960592234,0.43094041066007305
0.017807007018526905,0.8149454735240607,-2.8487426481129523,-5.5982916681349675
-1.2925009749733127,1.87225644638706,1.1032568541150405,-1.1191941787491015
-0.6215624682209807,-3.281202933210221,-0.09610592203680049,2.9142813398213634
0.2283396005233788,-1.3077316587335606,-4.1651384117161,-2.8902416784734863
0.17960495509070096,2.3724219610173094,-2.6299155118595987,-2.8552758868588044
-1.419598811823543,1.4749347827732484,0.757017525707832,0.592934253616753
1.143593114816501,-1.8454840456261512,-1.3804552370742247,2.3990119103831073
1.805099156078994,1.0051774757818015,-5.449180596069617,-0.17178554094729814
1.268577501542446,3.74128779439976,3.263437440275584,0.46508351442308615
1.9822213634610981,2.090921181428098,4.083364546953605,3.776828649505755
0.9326585961335434,3.7419716657957354,5.558798914928632,4.4796593178924375
0.3209232968930513,0.7547317951721602,6.890461173798858,5.0982988174441966
0.030445087702286506,1.1381397033710394,2.30657725023662,3.7315049730143452
-1.3399660830898128,-0.6635433472231196,2.6979957625964,1.3463724165047433
-0.2751994052985057,-3.100872983608811,0.5609117098714885,0.18349271481707963
-1.1937288806972275,-0.31604664735642907,-3.6412204011079705,-3.5074544169126507
0.25517485681797675,-2.555617787820807,-1.5725090318708042,-3.777510643016059
1.137482067632182,0.49231599766492046,-4.450793500206171,-2.1701295205254776
-0.9266441276460283,1.4332745079808968,-1.4401967475929587,-0.12287812990179892
0.6816424302155266,-2.4340243128548473,3.6597599825191396,1.3225735937235614
-0.08823239890039869,1.3393411081293118,-2.918643903074002,-2.852310509415114
1.234463240772414,-0.4234843195177016,2.989345970096633,-0.024600622297898944
2.224707223374752,3.020334926366475,-0.1521630149837295,0.7650082651689187
0.7715642449178441,5.795011429816558,2.389884194243064,1.9838550482605464
0.29146170782732944,-0.10375750280876539,6.224405224209039,7.48687560382123
-0.6476105379039822,1.3072525057253617,3.333817552575578,3.073156405785593
0.25666078860084973,-2.8029490295604313,0.02331671434521665,1.2527347609480413
0.10393029071613219,0.7443220225728476,-2.2172340471317975,-2.509300032772743
0.0739660643201747,-1.171462114821367,2.2210371126592143,0.11862854090157056
0.9279142830181387,-0.16842356792703653,0.012372508474521648,0.36134275728765786
0.5986834245446286,2.2189458353254485,-0.1939078957413375,0.25134932084451733
-0.054244876621213155,-0.3819030269082808,3.6769168529127176,3.704513585387166
1.8401191906403365,1.753015583314841,2.45195149174662,-0.5567520450811064
-0.10617719160830895,4.653866418419938,-1.5367133853617965,2.484785100158181
1.1543183762250957,0.5414568669155061,6.015950976030909,4.411900858415826
-0.10883596023197882,1.5832822660415096,-0.24569503784047497,0.0125156112236815
-0.9215140789948407,-0.17287053604606695,2.421004445670857,1.6390643428814533
0.17498520291053535,-1.4439353207273655,0.8370217089901109,2.0156334426234777
1.0165512011923097,1.1112334292828074,-3.508754222896011,-1.2688219473000646
1.6329566346610913,3.0344071199291633,0.6992767480572315,1.0343811198931419
-1.1626733482565696,2.6714640585356237,3.980375768052324,5.800669918520621
1.2919139890431044,-1.0606598275540293,3.6926763544783743,2.6224367913777513
0.8008289412023438,2.759611504402097,-1.6774788867556532,1.2566841481268203
1.301055106309436,3.003753820985331,4.077696950292676,2.834797183214979
-0.9005725636059195,2.2920091175589064,2.267608667291485,3.389150161955099
-1.95461644719788,0.17130362183479653,2.1372256811076076,2.460122630850872
2.420612718518471,-4.297528462843765,-3.2045253575426442,1.3263653850352692
0.25924323432809665,3.8939301780369586,-5.185935925860076,-6.309950395859701
0.6531328998967659,0.7108875990522124,7.023279672118651,-0.03519099460731767
0.37847916364258566,0.39329935506781877,2.578775398153947,2.033193650773013
1.8598198851345253,0.7239759331616537,1.2463868542174583,0.41085539401749316
0.3943354339510526,4.76468192342651,0.7179771388762723,0.5601636680511126
1.6044713320482258,0.010074709846540686,6.453375459251191,4.74067906623281
1.387561465597091,2.086196500397764,2.4226071209614757,1.3861306308970966
-0.3079719111384361,1.7366384733692986,4.069470799291933,3.2554008707920543
-0.12676166762034904,0.7221999813456356,3.667624125237029,2.882542906418342
1.4097561110512797,0.6126704353158658,-1.4979876220881638,2.4018496232844555
1.0699433030486878,1.3915350411857912,0.1879774038190829,1.3170937470095674
0.4584551093585007,1.6825324143959588,4.1999781288599065,0.5725224001695045
-1.13908967165301,0.846635138667161,3.790662367111266,3.531421602218782
-1.238612184995486,-2.124001974211387,1.8143895531077388,2.51429673957775
1.1138312751737183,-2.238037654261165,-3.314657570382245,-1.2410327832716384
-0.0654646927927179,3.7245910875950097,-3.86340632976235,-2.867215066151418
0.981000715917181,-1.9583172229184282,4.169200834573607,1.366166668379305
0.5143398334900434,2.5208642884200296,0.476480157098649,-0.9060747786593788
-1.2193767622889726,1.4693603873945773,2.479584670480536,3.1519620011255296
0.17148152335007513,-1.2912638435610382,2.1222997276457125,2.3128164874173684
1.1644648979830565,-0.9741449445951977,-4.753194424963882,-0.3549164555980736
-0.32558492692955787,0.5412050400708663,1.2831431953681403,-2.296887056463766
1.297767891554685,0.8783397562601318,1.7435800309961438,1.0131910614330502
0.21741257256732616,1.4891023960298968,-1.179474707921101,1.5169919092448905
-0.7135377182575606,0.42763138054003286,2.9242487431114315,0.43504460288723656
0.6679582140990388,-2.086273543326585,0.9676884641432872,2.9470423387343727
-0.3991859073222761,0.22083497809822794,-3.1037469004464175,-3.4400744585155074
0.7232701952722536,-3.2349418166935635,2.6520978775223245,0.6707811655942588
-0.5636632657457477,0.6354953637242956,-0.5834547555202559,-0.9646131191759837
0.23446372366788493,-3.1326820736134304,3.9518802123644567,0.5705948176331492
-1.0959502837028487,-0.7726694004299499,-1.1312615887386661,-0.48621299361288894
0.8527566220954387,-3.21951761864218,-0.1611400913292722,-1.4472212286999955
-1.4978263724254908,3.8199883961877497,-5.1373149899585355,-1.3984593211164988
0.4731871894476742,-1.4055344783059212,2.0619965754748906,2.9579815493547423
-0.7497018623567743,-0.9521624854638319,-5.556417212632304,0.07869925549977608
-1.077648545317869,-0.932632720396494,3.0171745634655225,-2.837051206713843
-1.5537143159985685,-2.0295930949447607,-1.2581538998952677,-0.861345353164116
-1.7287517546865914,-5.095467633518793,-2.927538493083578,-2.566156458296857
0.87888550930816,-3.4266901275228943,-6.29436389431434,-7.566534297600118
-0.9769129316007439,0.6599052690468037,-5.956362103649667,-6.043391262654195
-0.5858389811018111,-0.26432839641033024,1.3268317440713098,1.824730219337586
-0.17692264068898816,-0.9656756219261717,-1.865327297141028,2.24422056611523
0.7031441257315351,0.5761130195618362,-1.5349146849327373,-1.5798248867253606
0.48984193970457157,0.6860398365305842,-0.9161061004719797,1.5192833702403186
0.4720510303003837,2.442781642271176,1.5302976021446915,1.6218004503558472
-1.0973173656259854,0.8775239772906008,1.2121900982066367,4.400790020741521
-2.991642443988838,0.6028926985105945,1.4380231805646444,2.3672941042454947
-0.8850365217155408,-5.838252806506592,-3.0223894945001053,1.370997660891879
-0.7120993593993139,-1.880992309195636,-7.176129984449487,-5.8855489188614465
-0.40017271549228023,-1.7552095208643634,-1.1484516975492816,-6.874819854118636
0.2477115803548575,0.7277668891076047,-2.6943619427801564,-2.0605573107716264
1.3352427193265157,2.239545496635102,-2.5155751070483183,-0.4170764049341818
1.893616813985294,1.8682242677542518,1.4562919128658156,4.031493771240903
-0.10918669817704056,4.825991347174814,6.105282350342861,0.43474906185639606
-0.8883081401052904,-0.6019512473299812,4.670588038993912,6.6432886766861525
1.9148824037399599,-2.1007681628975683,-1.422279237531453,1.1870781015829537
-0.14354957796781947,4.460705717921879,-2.5536576756044407,-3.1554945688113665
-0.32701399325666497,-0.7571390822085002,7.747360739064433,2.3710796383178416
-2.017202257204216,-0.9716931061873828,-1.552361505622595,0.49132440411878375
-0.4425166939849463,-3.757738895419915,-1.5716112081049476,-0.9683963524362945
-1.2126947833552153,-0.32808972468379005,-7.371346427397553,-4.834584138155883
-0.10628211893386905,-1.159030036954651,-2.3725647879834177,-3.2362851882436097
0.7727260901457155,0.4606161405785612,-4.346780860354566,0.04497738159841491
0.04702396884258805,0.4184675371731785,-1.1449530653376756,0.09280307733254489
-0.8890650898005943,1.697651607959744,3.257879496943188,-1.066518809124955
1.7439364631611909,-2.3530693621854857,0.5622754537843783,3.4335628850686977
-0.7549083507957222,2.8673734504249646,-0.4217930352682666,-1.7976496475974115
0.22091847116348476,-1.147282435863295,5.435207712960302,1.263424592423426
1.1939158512035135,-0.004256210777415892,-2.0690131442528004,1.485049551135183
-0.2916099627958847,4.026000618149887,1.5268065556828914,-0.7149634765657463
0.46174404560495386,1.5055895451935768,2.751835667905082,3.8737146997811585
-2.922868517288265,0.3311543874295385,-1.5739131533293154,0.3265883199945465
1.2028029755583876,-6.089275886100571,-0.038726452481746776,-0.27421538213418434
-0.8999784831914867,1.4675381996122818,-10.55752164597435,-6.365074188663746
1.0285821331806078,-1.2076673771304,2.2886132801971923,-1.3224106520072376
0.9458723696515221,3.286207829832586,-2.3189061509855478,-0.6628188406313792
1.312692204223899,3.188278732363539,1.7863360222947826,3.2267634696820853
0.5780223991415311,4.26686858155993,1.7922474572232114,4.407807590534658
0.03105478812100451,1.1186164871047233,3.1865517360802533,6.677623523012315
-0.10135513134360746,1.1823427538296865,2.670621667660371,2.282048002400331
-1.717037734015579,-0.6816126267187284,1.1419349459444113,2.3108445634799306
-0.6769166095720022,-4.811178370940724,1.596508343419968,-0.9304880472909225
-0.6245222870347172,-1.1689671080138564,-5.146659463151004,-5.848480731325145
0.044575090617996076,-0.9230503377382532,-1.7518883409261283,-3.42703888905822
-0.5155497900657674,0.9216939379737954,-1.8894362722543891,-2.0557070929682797
-1.5755868629363554,-1.1616266890792213,-0.6864747621576285,0.4966265497033361
-0.7448226294480127,-2.546651528268157,-1.997061512827842,-1.9770775948693646
0.8999873178373596,-2.5940781622103417,-3.7867117122157485,-3.403667209931514
0.5583137331369159,1.3944823173912642,-1.743054894290354,-3.4252959482052945
1.2472209655607402,1.153780725116574,2.3382867619750423,0.5912803751950438
0.7905652327809791,2.894159260259759,1.8096544573948765,2.120040448624529
0.14704957096366397,0.9544395791810317,2.238930367957678,4.19860009614488
-1.040112632896693,0.48878868708633005,2.0410687587799003,1.514901880272702
1.3861672617151928,-3.1090222815852915,-0.2354394990143096,2.5003815482605187
-0.1640631151775254,4.265427843135762,-3.2898363860930413,-1.806718888139789
-0.41412035878074194,-1.2134444517084004,3.161113446791054,1.4245825348470744
1.437282858949152,0.12200416854087437,-0.08198982587460324,0.4391662703308764
-1.5796331763942515,3.561008560821646,-2.1329247772745648,-0.04479753348682269
1.069471346784371,-0.38354208945108015,3.529281731129494,3.4513194847416644
1.2359351766215145,1.4096537874253845,-5.100865862419566,1.3140987781199192
1.7372685857911068,3.6407546695915682,1.6835929610233067,0.6154778316212604
-0.15563952482242885,4.034817109766565,3.702474120618344,4.916528366333225
1.4424178232454954,-1.232224223929289,4.8818501021584115,5.422680150204008
0.05025533916653528,4.311904098625613,-1.1376537199550878,0.7981750301498663
-1.1385456345825926,1.7215601991358789,3.514556254488667,5.64649972111966
0.5806695821832839,-0.9987327526688448,-0.4255998146648041,3.0382094211158672
0.25744711021176664,0.414405777053965,-2.8907124378633005,-0.4193486161171307
2.6373746993551346,1.8729410831146769,2.647242295993174,-3.3837211741474715
-0.45205591822352265,5.131679976202033,-1.5350568599033632,2.1249311650382494
-1.499792899925097,-1.0926772316542261,8.27198239920672,4.520495829348848
1.386167069367439,-4.399112966502445,-0.27742472517924055,-1.69653250765931
0.3257644024856432,3.8740975262920827,-6.93737618348118,-4.870537484856015
-0.13057776922013897,-0.4436902354696328,3.5696066279722545,3.263019418036359
0.6483716006626269,0.6469091598634387,-0.6216763421744225,1.6055363452380895
1.6338211329598413,-0.9650859229907105,0.0223148045234004,0.053800551146923725
-1.7050056661054673,4.861965910619819,1.6909370652226787,-0.5358268432417572
-0.02419689951603451,-4.153420967481347,7.105724498762349,2.8371279630969517
-0.07786659821597706,-0.12999773558986455,-4.630497824770364,-2.70490357050745
2.0716339164929565,-1.1478665573699904,-1.1421647393907468,-1.4871522086981699
-0.9288425420407269,4.270427524636966,0.027788537552375203,-0.050582220343339035
-0.5195545386682503,-2.4697392991564486,7.025805845870152,5.520457883513824
0.11391230136090781,1.5359554926879033,-5.09075622037137,0.5089112252455
0.12171666852583243,-1.5144217400118238,-1.1967958661809468,1.7802880772343972
-1.2958150094414709,0.378627095613167,-0.35462428245960825,-1.035658735855228
0.5769800779927081,-3.3938893114364994,1.2197179547523684,-0.24003937312722268
-1.6937175357314567,2.920450108157805,-3.4722698531889247,-4.624834397317686
0.19441209882914912,-1.904964475752247,-0.18500574875077902,2.4578262552561574
1.0723104302647712,0.6337716394854437,-4.927994328081818,-0.6706120165120925
-0.9285967453482223,2.3935937869473465,-0.24700699047884112,-0.6457937834974039
-1.413589643541564,-1.4284704949373777,2.672376050234532,2.053906464972429
